{
    "pools": [
        {
            "rolls":1,
            "entries": [
                {
                    "type": "minecraft:item",
                    "name": "minecraft:armor_stand",
                    "functions": [
                        {
                            "function": "minecraft:set_nbt",
                            "tag": "{EntityTag:{Rotation:[0f,0f],Marker:0b,Invisible:0b,Small:1b,NoGravity:1b,Tags:['dl_robot','structure','fertile','son']},display:{Name:'{\"translate\":\"item.tmol.dl_centre\"}'}}"
                        }
                    ]
                }
            ]
        }
    ]
}