{
    "pools": [
        {
            "rolls":1,
            "entries": [
                {
                    "type": "minecraft:item",
                    "name": "minecraft:firework_star",
                    "functions": [
                        {
                            "function": "minecraft:set_nbt",
                            "tag": "{structure:'tmol:dreamdungeon1',dl_structure:1b}"
                        }
                    ]
                },
                {
                    "type": "minecraft:item",
                    "name": "minecraft:firework_star",
                    "functions": [
                        {
                            "function": "minecraft:set_nbt",
                            "tag": "{structure:'tmol:dreamdungeon2',dl_structure:1b}"
                        }
                    ]
                },
                {
                    "type": "minecraft:item",
                    "name": "minecraft:firework_star",
                    "functions": [
                        {
                            "function": "minecraft:set_nbt",
                            "tag": "{structure:'tmol:dreamdungeon3',dl_structure:1b}"
                        }
                    ]
                }
            ]
        }
    ]
}