{
    "pools": [
        {
            "rolls":1,
            "entries": [
                {
                    "type": "minecraft:item",
                    "name": "minecraft:white_dye",
                    "functions": [
                        {
                            "function": "minecraft:set_nbt",
                            "tag": "{isGui:1b,HideFlags:63,CustomModelData:8170021,button:'ok',display:{Name:'{\"text\":\"ok\",\"color\":\"green\"}'}}"
                        }
                    ]
                }
            ]
        }
    ]
}