{
    "parent":"tmol:productive/crucible",
    "display": {
        "icon": {
            "item":"minecraft:firework_star",
            "nbt": "{CustomModelData:8170008}"
        },
        "title":{
            "translate":"item.tmol.adv_meteoric_iron"
        },
        "frame":"task",
        "description":{
            "translate":"item.tmol.adv_meteoric_iron2"
        }
    },
    "criteria": {
        "pick_star": {
            "trigger": "minecraft:inventory_changed",
            "conditions": {
                "items": [
                    {
                        "item":"minecraft:firework_star",
                        "nbt": "{CustomModelData:8170008}"
                    }
                ]
            }
        }
    }
}