{
    "parent":"tmol:productive/meteorite_flagment",
    "display": {
        "icon": {
            "item": "minecraft:cow_spawn_egg",
            "nbt": "{CustomModelData:8170005}"
        },
        "title":{
            "translate":"item.tmol.adv_productive_ctb"
        },
        "frame":"task",
        "description":{
            "translate":"item.tmol.adv_productive_ctb2"
        }
    },
    "criteria": {
        "pick_star": {
            "trigger": "minecraft:inventory_changed",
            "conditions": {
                "items": [
                    {
                        "item": "minecraft:cow_spawn_egg"
                    }
                ]
            }
        }
    }
}