{
    "pools": [
        {
            "rolls":1,
            "entries": [
                {
                    "type": "minecraft:item",
                    "name": "minecraft:cookie",
                    "functions": [
                        {
                            "function": "minecraft:set_nbt",
                            "tag": "{gene:[{id:'tmol:color',values:['g','g','']},{id:'tmol:shape',values:['r','r','']}],CustomModelData:8171015,crop:'pea',display:{Name:'{\"translate\":\"item.tmol.pea\"}'}}"
                        }
                    ]
                }
            ]
        }
    ]
}