{
    "pools": [
        {
            "rolls":1,
            "entries": [
                {
                    "type": "minecraft:item",
                    "name": "minecraft:sheep_spawn_egg",
                    "functions": [
                        {
                            "function": "minecraft:set_nbt",
                            "tag": "{CustomModelData:8170006,EntityTag:{id:'armor_stand',Rotation:[0f,0f],ArmorItems:[{},{},{},{id:'sheep_spawn_egg',Count:1b,tag:{CustomModelData:8170006}}],Marker:1b,Invisible:1b,Small:1b,NoGravity:1b,Tags:['crucible','init']},display:{Name:'{\"translate\":\"item.tmol.crucible\"}'}}"
                        }
                    ]
                }
            ]
        }
    ]
}