{
    "pools": [
        {
            "rolls":1,
            "entries": [
                {
                    "type": "minecraft:item",
                    "name": "minecraft:armor_stand",
                    "functions": [
                        {
                            "function": "minecraft:set_nbt",
                            "tag": "{CustomModelData:8170019,EntityTag:{Rotation:[0f,0f],ArmorItems:[{},{},{},{id:'diamond_pickaxe',Count:1b,tag:{}}],Marker:1b,Invisible:1b,Small:1b,NoGravity:1b,Tags:['tmol_machine','destroyer','init']},display:{Name:'{\"translate\":\"item.tmol.destroyer\"}'}}"
                        }
                    ]
                }
            ]
        }
    ]
}