{
    "pools": [
        {
            "rolls":1,
            "entries": [
                {
                    "type": "minecraft:item",
                    "name": "minecraft:cookie",
                    "functions": [
                        {
                            "function": "minecraft:set_nbt",
                            "tag": "{CustomModelData:8171005,crop:'parsnip',display:{Name:'{\"translate\":\"item.tmol.parsnip\"}'}}"
                        }
                    ]
                }
            ]
        }
    ]
}