{
    "pools": [
        {
            "rolls":1,
            "entries": [
                {
                    "type": "minecraft:item",
                    "name": "minecraft:wheat_seeds",
                    "functions": [
                        {
                            "function": "minecraft:set_nbt",
                            "tag": "{CustomModelData:8171000,crop:'parsnip_seed',display:{Name:'{\"translate\":\"item.tmol.parsnip_seed\"}'}}"
                        }
                    ]
                }
            ]
        }
    ]
}