{
    "pools": [
        {
            "rolls":1,
            "entries": [
                {
                    "type": "minecraft:item",
                    "name": "minecraft:white_dye",
                    "functions": [
                        {
                            "function": "minecraft:set_nbt",
                            "tag": "{CustomModelData:8170001,isBackGround:1b}"
                        }
                    ]
                }
            ]
        }
    ]
}