{
    "pools": [
        {
            "rolls":1,
            "entries": [
                {
                    "type": "minecraft:item",
                    "name": "minecraft:cat_spawn_egg",
                    "functions": [
                        {
                            "function": "minecraft:set_nbt",
                            "tag": "{EntityTag:{id:'minecraft:armor_stand',Tags:['star_crafting_table_begin','crafting_table_begin'],Marker:1b,Invisible:1b,Small:1b,NoGravity:1b},display:{Name:'{\"translate\":\"item.tmol.star_crafting_table\"}'}}"
                        }
                    ]
                }
            ]
        }
    ]
}