{
    "pools": [
        {
            "rolls":1,
            "entries": [
                {
                    "type": "minecraft:item",
                    "name": "minecraft:knowledge_book",
                    "functions": [
                        {
                            "function": "minecraft:set_nbt",
                            "tag": "{CustomModelData:8170027,display:{Name:'{\"translate\":\"item.tmol.spirit\"}'}}"
                        }
                    ]
                }
            ]
        }
    ]
}