{
    "pools": [
        {
            "rolls":1,
            "entries": [
                {
                    "type": "minecraft:item",
                    "name": "minecraft:firework_star",
                    "functions": [
                        {
                            "function": "minecraft:set_nbt",
                            "tag": "{tmol_rd:1b,tmol_direction:'0'}"
                        }
                    ]
                },
                {
                    "type": "minecraft:item",
                    "name": "minecraft:firework_star",
                    "functions": [
                        {
                            "function": "minecraft:set_nbt",
                            "tag": "{tmol_rd:1b,tmol_direction:'1'}"
                        }
                    ]
                }
            ]
        }
    ]
}