{
    "parent":"tmol:star/star_ctb",
    "display": {
        "icon": {
            "item":"minecraft:sheep_spawn_egg",
            "nbt": "{CustomModelData:8170009}"
        },
        "title":{
            "translate":"item.tmol.adv_magic_table"
        },
        "frame":"task",
        "description":{
            "translate":"item.tmol.adv_magic_table2"
        }
    },
    "criteria": {
        "pick_star": {
            "trigger": "minecraft:inventory_changed",
            "conditions": {
                "items": [
                    {
                        
                        "nbt": "{CustomModelData:8170009}"
                    }
                ]
            }
        }
    }
}