{
    "parent":"tmol:star/star_bottle",
    "display": {
        "icon": {
            "item":"minecraft:firework_star",
            "nbt": "{CustomModelData:8170011}"
        },
        "title":{
            "translate":"item.tmol.adv_star_bottle_shine"
        },
        "frame":"task",
        "description":{
            "translate":"item.tmol.adv_star_bottle_shine2"
        }
    },
    "criteria": {
        "pick_star": {
            "trigger": "minecraft:inventory_changed",
            "conditions": {
                "items": [
                    {
                        
                        "nbt": "{CustomModelData:8170011}"
                    }
                ]
            }
        }
    }
}