{
    "pools": [
        {
            "rolls":1,
            "entries": [
                {
                    "type": "minecraft:item",
                    "name": "minecraft:firework_star",
                    "functions": [
                        {
                            "function": "minecraft:set_nbt",
                            "tag": "{affix:'dull',isSpell:1b,CustomModelData:8170020,display:{Name:'[{\"translate\":\"item.tmol.dull\"},{\"translate\":\"item.tmol.spell\"}]'}}"
                        }
                    ]
                }
            ]
        }
    ]
}