{
    "pools": [
        {
            "rolls":1,
            "entries": [
                {
                    "type": "minecraft:item",
                    "name": "minecraft:firework_star",
                    "functions": [
                        {
                            "function": "minecraft:set_nbt",
                            "tag": "{doll_damage:1,affix:[''],isDoll:1b,CustomModelData:8170012,display:{Name:'[\"\",{\"translate\":\"item.tmol.empty\"},{\"translate\":\"item.tmol.doll\"}]',Lore:[]}}"
                        }
                    ]
                }
            ]
        }
    ]
}